ID da Máquina;Uso de CPU (%);Frequência de CPU;Memoria RAM Total;Uso de Memória RAM;Total de Disco;Uso de Disco;Data do Registro;Horário do Registro
1;23.4;2793.43;8192.0;45.6;8.589934592E9;5.0E8;;
2;15.2;2800.12;8192.0;30.1;8.589934592E9;3.0E9;;
3;78.9;2700.56;16384.0;65.2;1.7179869184E10;7.5E9;;
4;10.0;3000.0;4096.0;20.5;4.294967296E9;1.0E9;;
5;90.0;2500.0;8192.0;75.0;8.589934592E9;8.589934592E9;;
